epoch,acc,loss,val_acc,val_loss
0,0.7516,0.7305068091201782,0.7555,0.7202533919334412
1,0.75562,0.7184622149085998,0.7618,0.7223851396560669
